{"cameraMode":{"drawMode":0,"name":"Shaded","section":"Shading Mode"},"sceneLighting":false,"audioPlay":false,"sceneViewState":{"m_AlwaysRefresh":false,"showFog":true,"showSkybox":false,"showFlares":true,"showImageEffects":true,"showParticleSystems":true,"showVisualEffectGraphs":true,"m_FxEnabled":true},"in2DMode":false,"pivot":{"x":210.6464080810547,"y":235.75030517578126,"z":-777.6507568359375},"rotation":{"x":0.14078134298324586,"y":-0.030020948499441148,"z":0.0042211501859128479,"w":0.9896122813224793},"size":251.66659545898438,"orthographic":false}