{"cameraMode":{"drawMode":0,"name":"Shaded","section":"Shading Mode"},"sceneLighting":false,"audioPlay":false,"sceneViewState":{"m_AlwaysRefresh":false,"showFog":true,"showSkybox":false,"showFlares":true,"showImageEffects":true,"showParticleSystems":true,"showVisualEffectGraphs":true,"m_FxEnabled":true},"in2DMode":false,"pivot":{"x":-13.034524917602539,"y":-3.070484161376953,"z":185.83816528320313},"rotation":{"x":-0.18009382486343385,"y":0.19538047909736634,"z":-0.03652353212237358,"w":-0.9633604288101196},"size":16.049646377563478,"orthographic":false}