{"cameraMode":{"drawMode":0,"name":"Shaded","section":"Shading Mode"},"sceneLighting":true,"audioPlay":false,"sceneViewState":{"m_AlwaysRefresh":false,"showFog":true,"showSkybox":false,"showFlares":true,"showImageEffects":true,"showParticleSystems":true,"showVisualEffectGraphs":true,"m_FxEnabled":true},"in2DMode":false,"pivot":{"x":-31.147796630859376,"y":119.30792236328125,"z":-16.348857879638673},"rotation":{"x":0.03502274677157402,"y":0.7217020392417908,"z":0.036615900695323947,"w":-0.6903511881828308},"size":82.94393157958985,"orthographic":false}